id,local_articles,total_articles,local_docs,total_docs,question
4,2,4,2,4,Hộ kinh doanh cần đáp ứng điều kiện gì để được hưởng hỗ trợ khi chuyển đổi thành doanh nghiệp nhỏ và vừa?
8,7,9,7,9,Doanh nghiệp nhỏ và vừa khởi nghiệp sáng tạo cần đáp ứng điều kiện nào để được hỗ trợ?
9,3,4,3,4,Công ty sản xuất nhỏ và vừa tham gia chuỗi giá trị sẽ được hỗ trợ những nội dung gì?
12,1,8,1,7,Doanh nghiệp nhỏ và vừa có thể được hỗ trợ những gì để nâng cao khả năng tiếp cận tín dụng?
13,3,5,2,4,Quỹ bảo lãnh tín dụng doanh nghiệp nhỏ và vừa căn cứ vào những điều kiện nào để cấp bảo lãnh cho công ty?
14,1,4,1,4,"Khi nhận hỗ trợ từ Nhà nước, công ty nhỏ và vừa có trách nhiệm gì về nguồn lực đối ứng?"
15,1,5,1,3,Công ty nhỏ và vừa có thể nhận nguồn vốn hỗ trợ từ những nguồn nào?
18,5,6,5,6,"Để được lựa chọn là doanh nghiệp nhỏ và vừa khởi nghiệp sáng tạo, công ty cần cung cấp những loại giấy chứng nhận giải thưởng nào?"
19,5,9,4,8,Doanh nghiệp nhỏ và vừa được hỗ trợ tư vấn theo nội dung và mức hỗ trợ nào?
20,2,5,2,4,"Những hình thức doanh nghiệp nhỏ và vừa nào được lựa chọn để tham gia chuỗi giá trị sản xuất, chế biến?"
21,2,3,2,3,Đối tượng nào được tham gia khóa đào tạo trực tiếp về khởi sự kinh doanh dành cho doanh nghiệp nhỏ và vừa?
23,1,3,1,3,Khi doanh nghiệp nhỏ và vừa khởi nghiệp sáng tạo được hỗ trợ duy trì tài khoản trên sàn thương mại điện tử quốc tế thì bao gồm những chi phí nào?
24,4,5,4,5,Hồ sơ đề xuất hỗ trợ doanh nghiệp nhỏ và vừa cần bao gồm những thành phần nào?
25,1,5,1,4,"Khi cho học viên tham gia các khóa đào tạo trong và ngoài nước để tham gia chuỗi giá trị, công ty được hỗ trợ những chi phí cụ thể nào?"
26,6,8,6,8,Công ty muốn thuê hoặc mua các giải pháp chuyển đổi số được hỗ trợ chi phí thì cần tìm ở đâu?
28,3,5,3,5,Công ty sản xuất nhỏ và vừa có những hình thức liên kết nào trong cụm liên kết ngành để được xem xét hỗ trợ?
39,5,5,4,4,Công ty tôi có được đề xuất nhiều nội dung hỗ trợ khác nhau trong cùng một hồ sơ đề xuất không?
58,1,3,1,2,Công ty có bị coi là vi phạm pháp luật nếu cho người khác sử dụng mã số thuế của mình không?
142,1,4,1,4,Trong những trường hợp nào công ty sẽ bị cơ quan thuế ấn định từng yếu tố để xác định số tiền thuế phải nộp?
148,1,6,1,5,Khi công ty thay đổi địa chỉ trụ sở sang tỉnh khác thì cần thực hiện những thủ tục gì với cơ quan thuế quản lý trực tiếp?
213,6,7,5,6,"Khi nộp hồ sơ đề nghị cấp giấy phép cho thuê lại lao động, trong bao lâu thì Sở Lao động - Thương binh và Xã hội sẽ thẩm tra và trình cấp giấy phép?"
214,2,2,2,2,Hồ sơ đề nghị cấp giấy phép cho thuê lại lao động của công ty bao gồm những giấy tờ gì?
219,3,4,3,4,Trong những trường hợp nào doanh nghiệp cho thuê lại lao động được đề nghị cấp lại giấy phép?
247,1,4,1,3,Hộ kinh doanh trong trường hợp nào thì được khôi phục lại Giấy chứng nhận đăng ký hộ kinh doanh sau khi đã bị thu hồi?
249,3,3,3,3,Chủ hộ kinh doanh muốn đăng ký hộ kinh doanh qua mạng thì thực hiện bằng cách nào?
252,1,5,1,4,Những tiêu chí nào để xác định một cá nhân là chủ sở hữu hưởng lợi của doanh nghiệp?
254,5,7,5,7,Cơ quan đăng ký kinh doanh cấp tỉnh có nhiệm vụ và quyền hạn gì trong việc cấp đăng ký doanh nghiệp?
257,4,7,4,6,Cơ quan đăng ký kinh doanh cấp xã có nhiệm vụ và quyền hạn gì đối với hộ kinh doanh?
259,3,5,3,5,"Khi thực hiện chia công ty cổ phần, hồ sơ đăng ký doanh nghiệp cho công ty mới thành lập cần những giấy tờ gì?"
265,1,2,1,2,Hồ sơ đăng ký doanh nghiệp nộp qua mạng thông tin điện tử có giá trị pháp lý như thế nào so với bản giấy?
267,1,2,1,2,Hồ sơ đăng ký thay đổi thành viên hợp danh của công ty hợp danh bao gồm những giấy tờ gì?
268,2,5,2,5,Hồ sơ đăng ký thành lập doanh nghiệp khi chuyển đổi từ hộ kinh doanh cần những giấy tờ gì?
269,1,2,1,2,Công ty muốn thực hiện đăng ký doanh nghiệp qua mạng thì cần thực hiện các bước như thế nào?
270,1,3,1,2,Hồ sơ đăng ký thay đổi người đại diện theo pháp luật của công ty bao gồm những giấy tờ gì?
273,1,2,1,2,Khi mua lại một doanh nghiệp tư nhân thì hồ sơ đăng ký thay đổi chủ doanh nghiệp bao gồm những giấy tờ gì?
275,2,4,2,4,"Khi thay đổi địa chỉ trụ sở chính, công ty cần chuẩn bị những giấy tờ gì trong hồ sơ đăng ký?"
280,2,5,2,5,"Khi muốn tăng hoặc giảm vốn đầu tư, chủ doanh nghiệp tư nhân cần gửi giấy đề nghị thay đổi vốn đến cơ quan nào?"
283,4,6,4,6,Giấy chứng nhận đăng ký doanh nghiệp có đồng thời là giấy chứng nhận đăng ký thuế không?
284,3,6,3,6,"Khi sáp nhập một số công ty vào công ty mình, hồ sơ đăng ký thay đổi nội dung đăng ký doanh nghiệp của công ty nhận sáp nhập cần những giấy tờ gì?"
288,3,4,3,4,Công ty cần làm gì để được cấp lại Giấy chứng nhận đăng ký doanh nghiệp khi bị mất hoặc bị rách?
294,3,6,3,6,Nếu công ty phát hiện thông tin trên Giấy chứng nhận đăng ký doanh nghiệp bị sai so với hồ sơ đăng ký thì phải làm thế nào?
295,3,5,3,5,Công ty phải thực hiện đề nghị và nộp phí công bố nội dung đăng ký doanh nghiệp vào thời điểm nào?
296,2,4,2,4,Một cá nhân được phép đăng ký tối đa bao nhiêu hộ kinh doanh trên phạm vi toàn quốc?
298,1,2,1,2,Những trường hợp nào cá nhân không được quyền thành lập hộ kinh doanh?
299,4,4,3,3,Khi nộp hồ sơ đăng ký hộ kinh doanh bằng bản giấy thì chủ hộ cần xuất trình những giấy tờ gì?
300,4,4,4,4,"Khi làm thủ tục đăng ký hộ kinh doanh, tôi cần nộp bao nhiêu bộ hồ sơ?"
301,4,5,4,5,"Khi muốn đăng ký hộ kinh doanh, chủ hộ có thể lựa chọn những phương thức đăng ký nào?"
304,4,7,4,6,Hồ sơ đăng ký thành lập hộ kinh doanh bao gồm những giấy tờ gì?
308,2,4,2,4,"Khi nộp hồ sơ đăng ký hộ kinh doanh, tôi có thể thanh toán lệ phí bằng những cách nào?"
327,1,2,1,2,Quỹ bảo lãnh tín dụng có thể bảo lãnh tối đa bao nhiêu phần trăm giá trị khoản vay cho doanh nghiệp nhỏ và vừa?
330,3,4,3,4,Thời hạn cấp bảo lãnh tín dụng của Quỹ bảo lãnh tín dụng cho doanh nghiệp được xác định như thế nào?
331,4,4,4,4,Khi công ty xin bảo lãnh tín dụng từ Quỹ bảo lãnh tín dụng cho SME thì đồng tiền bảo lãnh là loại tiền nào?
332,3,4,3,4,Những doanh nghiệp nhỏ và vừa nào sẽ được ưu tiên xem xét cấp bảo lãnh tín dụng?
333,4,5,4,5,"Khi đề nghị bảo lãnh tín dụng, công ty phải trả những loại chi phí nào cho Quỹ bảo lãnh tín dụng?"
334,1,3,1,3,Hồ sơ đề nghị bảo lãnh tín dụng cho doanh nghiệp nhỏ và vừa bao gồm những giấy tờ gì?
335,3,4,3,4,Khi công ty nộp đủ hồ sơ xin bảo lãnh tín dụng hợp lệ thì bên bảo lãnh phải hoàn thành xem xét trong thời hạn bao lâu?
336,4,7,4,7,"Khi được bảo lãnh tín dụng, công ty có nghĩa vụ gì về việc cung cấp thông tin và tài liệu cho bên bảo lãnh?"
339,1,5,1,3,"Khi công ty không trả được nợ vay cho ngân hàng, quy trình thực hiện cam kết bảo lãnh tín dụng diễn ra như thế nào?"
341,1,4,1,4,Số tiền mà bên bảo lãnh trả nợ thay cho doanh nghiệp bao gồm những khoản nào?
342,1,13,1,11,Khi công ty tổ chức chương trình khuyến mại thì cần phải làm gì với cơ quan quản lý nhà nước về thương mại?
346,1,3,1,3,Những trường hợp nào thì nghĩa vụ bảo lãnh vay vốn của bên bảo lãnh được chấm dứt?
353,1,1,1,1,"Khi yêu cầu đặt cọc để bảo đảm thực hiện hợp đồng, số tiền tối đa công ty được quy định là bao nhiêu?"
378,1,4,1,4,Nếu thương nhân chưa đăng ký kinh doanh thì phải chịu trách nhiệm như thế nào về các hoạt động của mình?
409,2,4,2,4,Công ty cần thực hiện đăng ký thuế và xin cấp mã số thuế vào thời điểm nào?
520,1,4,1,4,"Khi xây dựng quy chế thưởng cho nhân viên, công ty cần phải thực hiện những bước nào để đảm bảo đúng quy định?"
528,1,4,1,3,Công ty phải làm gì về hợp đồng lao động trước khi nhận nhân viên vào làm việc?
550,1,5,1,3,Công ty tổ chức sự kiện bán hàng lưu động với tổng giá trị trên 10 triệu đồng và có cung cấp kèm dịch vụ chăm sóc liên tục cho khách hàng thì cần thực hiện những trách nhiệm thông báo và quy định thanh toán nào?
557,3,4,3,4,"Để được hỗ trợ chi phí tư vấn pháp luật, công ty cần tìm tư vấn viên ở đâu và quy trình nộp hồ sơ đề nghị hỗ trợ được thực hiện như thế nào?"
563,1,5,1,2,Trong trường hợp Giám đốc công ty không còn đáp ứng đủ các tiêu chuẩn về chuyên môn và điều kiện bổ nhiệm theo luật định thì sẽ bị xử lý như thế nào?
575,1,8,1,6,"Công ty tôi là doanh nghiệp vận tải sử dụng nhiều lao động nữ và đang có số lỗ từ năm trước, vậy công ty được giảm thuế thu nhập doanh nghiệp như thế nào và số lỗ này được xử lý ra sao?"
578,2,5,2,4,"Để thành lập một doanh nghiệp hoạt động dịch vụ việc làm thì cần đáp ứng những điều kiện gì và khi vận hành, doanh nghiệp này cần quản lý những nhóm thông tin đăng ký lao động nào của người lao động?"
582,4,7,4,7,"Khi chuyển đổi từ hộ kinh doanh lên doanh nghiệp nhỏ và vừa, công ty tôi sẽ được miễn những loại lệ phí nào và thời hạn miễn lệ phí môn bài là bao lâu?"
584,6,9,5,7,Nếu công ty muốn nhận hỗ trợ chi phí thuê giải pháp chuyển đổi số thì cần thực hiện kê khai quy mô doanh nghiệp như thế nào và mức hỗ trợ tối đa cho doanh nghiệp nhỏ là bao nhiêu?
585,5,6,5,6,"Để được hưởng các chính sách hỗ trợ về chi phí thuê mặt bằng hay tư vấn sở hữu trí tuệ, doanh nghiệp nhỏ và vừa khởi nghiệp sáng tạo cần đáp ứng những tiêu chí nào nếu muốn tham gia vào một cụm liên kết ngành?"
598,1,7,1,4,"Khi công ty muốn mở rộng quy mô bằng cách đăng ký thành lập pháp nhân mới và lập thêm chi nhánh, thì hai hình thức này có điểm gì khác nhau về tính chất pháp lý và yêu cầu công bố thông tin?"
601,1,4,1,3,Khi công ty thuê khoán một nhà xưởng nhưng trong hợp đồng không ghi rõ thời hạn thuê thì thời hạn này được xác định thế nào và lúc bàn giao tài sản cần làm những thủ tục gì?
606,3,5,3,5,"Khi công ty muốn phản hồi về chi phí tuân thủ của một thủ tục hành chính, công ty có thể tìm hiểu nội dung rà soát đánh giá thủ tục đó ở những hình thức công khai nào?"
607,4,5,4,5,"Khi công ty muốn đóng góp ý kiến về việc đánh giá tác động của một thủ tục hành chính mới, nội dung rà soát đánh giá cần tập trung vào những yếu tố nào và Chủ tịch UBND tỉnh phải công bố những thông tin gì về thủ tục đó?"
608,2,5,2,4,"Công ty tôi muốn thành lập doanh nghiệp dịch vụ việc làm thì cần đáp ứng điều kiện gì và khi tư vấn cho người lao động, tôi cần biết mức hưởng trợ cấp thất nghiệp hằng tháng được tính như thế nào?"
622,3,7,3,7,Công ty tôi muốn tiếp cận mạng lưới tư vấn viên pháp luật để được hỗ trợ chi phí tư vấn thì cần thực hiện quy trình đề nghị và chuẩn bị hồ sơ như thế nào?
624,1,3,1,3,Nếu công ty tôi muốn cung cấp nhân sự cho đối tác theo hình thức cho thuê lại lao động thì điều kiện về giấy phép là gì và nếu hoạt động mà không có giấy phép này thì sẽ bị xử lý ra sao?
637,1,4,1,3,"Khi công ty tổ chức một sự kiện cung cấp dịch vụ liên tục không tại địa điểm giao dịch thường xuyên với giá trị trên 10 triệu đồng, công ty cần thông báo cho cơ quan nào và phải tuân thủ quy định gì về việc yêu cầu khách hàng thanh toán trước?"
644,1,6,1,5,Nếu một nhóm nhà đầu tư muốn thành lập quỹ để đầu tư cho doanh nghiệp nhỏ và vừa khởi nghiệp sáng tạo thì có thể tổ chức quản lý quỹ theo những mô hình nào và công ty quản lý quỹ cần thực hiện thủ tục gì về đăng ký kinh doanh?
648,1,8,1,8,Công ty Việt Nam thuê một đơn vị giám định nước ngoài để xác định tình trạng hàng hóa thì quan hệ này có được coi là có yếu tố nước ngoài không và chứng thư giám định họ cấp cần đảm bảo những yêu cầu gì về hình thức?
654,1,4,1,2,"Trong trường hợp công ty gặp khó khăn trong sản xuất kinh doanh dẫn đến không trả được nợ đúng hạn, sự khác biệt về điều kiện và kết quả xử lý giữa việc điều chỉnh kỳ hạn trả nợ và gia hạn nợ tại Quỹ bảo lãnh tín dụng là gì?"
670,2,5,2,4,"Để thành lập một doanh nghiệp hoạt động dịch vụ việc làm, công ty cần đáp ứng những điều kiện cơ bản nào và khi thu thập thông tin đăng ký lao động từ người lao động thì phải bao gồm những nhóm thông tin gì?"
686,1,9,1,8,"Khi thuê đơn vị vận chuyển hàng hóa, công ty cần thực hiện những nghĩa vụ gì và đơn vị vận chuyển có trách nhiệm bảo đảm những điều gì khi giao hàng?"
692,2,6,2,5,Công ty tôi đang vận hành dịch vụ việc làm thì cần đáp ứng điều kiện gì để được cấp giấy phép hoạt động và khi tư vấn cho khách hàng thì mức hưởng trợ cấp thất nghiệp hằng tháng được tính như thế nào?
700,1,4,1,4,"Trong trường hợp công ty TNHH hai thành viên có một thành viên là người đại diện theo pháp luật bất ngờ bị tạm giam, thành viên còn lại sẽ trở thành người đại diện theo pháp luật như thế nào và hồ sơ đăng ký thay đổi cần chuẩn bị những gì?"
701,5,9,5,8,"Công ty tôi là doanh nghiệp nhỏ và vừa đang phát triển sản phẩm trí tuệ nhân tạo thì được ưu tiên tiếp cận những nguồn lực nào và được hỗ trợ cụ thể gì về chi phí, đào tạo?"
706,1,4,1,4,"Khi công ty muốn tăng vốn điều lệ bằng cách cho phép thành viên góp thêm bí quyết kỹ thuật, thì tài sản này có được chấp nhận là vốn góp và hồ sơ đăng ký thay đổi vốn điều lệ cần kèm theo giấy tờ gì để chứng minh?"
717,3,12,3,12,"Nếu công ty tôi tham gia vào một chuỗi phân phối sản phẩm có ít nhất 80% doanh nghiệp nhỏ và vừa cung ứng tại Việt Nam, thì công ty sẽ được hưởng những ưu đãi về thuế, đất đai và các nội dung hỗ trợ cụ thể nào khi tham gia cụm liên kết ngành, chuỗi giá trị này?"
720,1,4,1,3,Nếu công ty tự ý tuyển dụng chuyên gia nước ngoài mà chưa giải trình nhu cầu và được cơ quan nhà nước chấp thuận bằng văn bản thì sẽ bị xử lý như thế nào?
723,1,4,1,4,"Khi công ty thay đổi công nghệ dẫn đến nguy cơ mất việc làm cho nhân viên, công ty cần đáp ứng điều kiện gì để được hỗ trợ kinh phí đào tạo lại và nếu không đào tạo mà chuyển họ sang làm nghề khác thì sẽ bị xử lý thế nào?"
732,1,3,1,3,"Để thực hiện tăng hoặc giảm vốn góp của một quỹ đầu tư cho doanh nghiệp nhỏ và vừa khởi nghiệp sáng tạo, công ty quản lý quỹ cần tuân thủ những điều kiện và thủ tục thông báo nào?"
735,1,6,1,4,"Khi công ty xảy ra đình công không đúng trình tự thủ tục, cơ quan chức năng sẽ hỗ trợ giải quyết như thế nào và những hành vi vi phạm pháp luật trong cuộc đình công này sẽ được xử lý ra sao?"
737,1,3,1,3,"Để nâng cao tay nghề cho nhân viên, công ty có thể triển khai các hoạt động đào tạo cụ thể nào và cần thực hiện trách nhiệm gì về kế hoạch, báo cáo hằng năm?"
739,1,4,1,4,"Khi công ty gửi yêu cầu giải đáp vướng mắc pháp lý về một vụ việc cụ thể trong sản xuất kinh doanh mà cơ quan nhà nước không trả lời trực tiếp, công ty phải làm thế nào để tiếp cận tư vấn viên và được hỗ trợ chi phí tư vấn?"
751,1,6,1,4,"Trong trường hợp doanh nghiệp dự án PPP không thực hiện đúng trách nhiệm bảo dưỡng định kỳ và cung cấp dịch vụ công dẫn đến việc chấm dứt hợp đồng trước thời hạn, quy trình thanh lý hợp đồng và xác định trách nhiệm đối với phần việc chưa hoàn thành được thực hiện như thế nào?"
759,3,5,3,4,"Để được hỗ trợ kinh phí thuê tư vấn về quản trị nội bộ, công ty cần thực hiện kê khai quy mô doanh nghiệp như thế nào và mức hỗ trợ tối đa sẽ được tính ra sao tùy theo quy mô đó?"
766,2,6,2,4,"Khi công ty nhận bảo đảm bằng tài sản đã đăng ký để có hiệu lực đối kháng với người thứ ba, công ty cần thực hiện thông báo xử lý tài sản đó như thế nào để tránh phải bồi thường thiệt hại?"
772,6,10,6,10,"Công ty tôi là doanh nghiệp nhỏ và vừa khởi nghiệp sáng tạo, muốn tham gia vào một chuỗi giá trị để được hỗ trợ thì cần đáp ứng tiêu chí lựa chọn nào và sẽ được hỗ trợ những nội dung gì về công nghệ hay sở hữu trí tuệ?"
776,1,5,1,5,"Khi công ty thuê đơn vị vận chuyển hàng hóa, đơn vị này có quyền từ chối vận chuyển nếu hàng không đúng thỏa thuận không và công ty có nghĩa vụ gì về cung cấp thông tin tài sản để đảm bảo an toàn?"
792,2,4,2,3,Công ty nhỏ và vừa muốn cho nhân viên đi học nghề trình độ sơ cấp thì được Nhà nước hỗ trợ chi phí như thế nào và người lao động cần điều kiện gì để được hưởng hỗ trợ này?
794,2,5,2,4,"Để nhận được hỗ trợ tư vấn cho doanh nghiệp nhỏ và vừa, công ty cần theo dõi kế hoạch triển khai tại đâu và việc thực hiện hỗ trợ này được quy định theo hướng dẫn nào?"
795,2,10,1,5,"Khi công ty mua máy móc trả chậm và muốn bảo lưu quyền sở hữu cho đến khi thanh toán hết, thì cần thực hiện thủ tục gì và có thể dùng Quỹ bảo lãnh tín dụng để bảo lãnh cho khoản nợ này như thế nào?"
797,3,7,3,7,"Công ty tôi muốn tìm hiểu về các chính sách hỗ trợ mở rộng thị trường và chuỗi phân phối sản phẩm thì có thể truy cập thông tin miễn phí ở đâu và những doanh nghiệp vận hành chuỗi phân phối này được hưởng ưu đãi gì về thuế, đất đai?"
816,1,5,1,4,Công ty vận tải sử dụng nhiều lao động nữ muốn được giảm thuế thu nhập doanh nghiệp theo chi phí chi thêm thì phải thực hiện thủ tục gì và ai là người có thẩm quyền quyết định?
817,2,6,2,6,Khi công ty quản lý quỹ đầu tư khởi nghiệp sáng tạo cho doanh nghiệp nhỏ và vừa muốn gia hạn thời gian hoạt động của quỹ thì phải thực hiện thủ tục thông báo như thế nào và cần chuẩn bị những hồ sơ gì?
829,3,7,2,6,"Để được hỗ trợ chi phí khi sử dụng dịch vụ tư vấn pháp luật từ mạng lưới tư vấn viên, công ty cần chuẩn bị hồ sơ đề nghị gồm những gì và hoạt động tư vấn này được thực hiện dựa trên những căn cứ nào?"
834,1,5,1,4,"Khi công ty chuẩn bị hồ sơ đề nghị phê duyệt dự án PPP để mời gọi nhà đầu tư quốc tế, bộ hồ sơ này cần những tài liệu gì và phải sử dụng ngôn ngữ nào?"
844,4,5,3,4,Công ty tôi vừa là doanh nghiệp khởi nghiệp sáng tạo vừa tham gia vào chuỗi giá trị thì mức hỗ trợ tối đa cho hợp đồng tư vấn xác lập quyền sở hữu trí tuệ trong nước và chi phí duy trì tài khoản sàn thương mại điện tử là bao nhiêu?
846,1,5,1,5,Công ty kinh doanh dịch vụ muốn đăng ký nhận hỗ trợ cho doanh nghiệp nhỏ và vừa thì cần căn cứ vào tiêu chí nào để xác định quy mô và phải thực hiện kê khai ra sao?
847,2,14,2,6,Công ty muốn dùng một tài sản hình thành trong tương lai để bảo đảm cho nhiều khoản vay khác nhau thì cần đáp ứng điều kiện về giá trị và nghĩa vụ thông báo như thế nào?
861,3,7,3,5,"Để thành lập doanh nghiệp cung ứng và giới thiệu lao động cho người sử dụng lao động, công ty cần đáp ứng những điều kiện gì về giấy phép và vận hành?"
874,1,6,1,6,"Công ty TNHH hai thành viên muốn tiếp nhận thêm thành viên mới là cá nhân để tăng vốn điều lệ, sau đó dự định vay vốn từ Quỹ phát triển doanh nghiệp nhỏ và vừa thì cần chuẩn bị hồ sơ đăng ký thay đổi thành viên thế nào và phải đáp ứng điều kiện gì để được Quỹ xem xét cho vay?"
876,1,6,1,5,"Trong trường hợp công ty bị cơ quan thuế đề nghị thu hồi giấy chứng nhận đăng ký doanh nghiệp do nợ thuế kéo dài, hoặc bị yêu cầu chấm dứt kinh doanh ngành nghề có điều kiện nhưng không chấp hành và không gửi báo cáo theo quy định, thì quy trình thu hồi giấy phép sẽ diễn ra như thế nào và công ty cần làm gì để khôi phục tình trạng pháp lý?"
878,3,3,3,3,"Công ty tôi muốn cho nhân viên và quản lý tham gia đào tạo trực tuyến về khởi sự kinh doanh và quản trị doanh nghiệp thì được hưởng chính sách miễn giảm chi phí gì và các khóa học này được tổ chức, triển khai cụ thể ra sao?"
881,2,4,2,4,"Công ty tôi là doanh nghiệp nhỏ và vừa đang muốn tham gia chuỗi giá trị, vậy tôi có thể tra cứu miễn phí những thông tin gì trên Cổng thông tin quốc gia và được hỗ trợ chi phí cho những hoạt động tư vấn, đào tạo cụ thể nào?"
892,1,4,1,4,"Công ty phát hiện đối thủ nhập khẩu hàng giả mạo tác phẩm đã đăng ký của mình thì cần nộp đơn cho cơ quan nào, phải cung cấp những chứng cứ gì để chứng minh chủ thể quyền và quy trình xử lý đơn của cơ quan này diễn ra ra sao?"
895,2,5,2,3,"Công ty đang trong quá trình thương thảo hợp đồng chuyển nhượng quyền đối với giống cây trồng nhưng phát sinh tranh chấp về đặc tính giống, vậy công ty cần thực hiện thủ tục giám định như thế nào và trong trường hợp không đồng ý với kết quả giám định lần đầu thì xử lý ra sao?"
903,5,8,5,7,"Công ty thực hiện quản lý quỹ đầu tư khởi nghiệp sáng tạo khi tiến hành giải thể quỹ thì phải thực hiện trình tự thông báo ra sao, hồ sơ gồm những gì và chế độ kế toán trong quá trình này được áp dụng theo quy định nào?"
941,2,3,2,3,"Để được hỗ trợ đào tạo trực tuyến về quản trị doanh nghiệp cho người quản lý điều hành, công ty khởi nghiệp sáng tạo cần chứng minh điều kiện lựa chọn bằng tài liệu gì và đối tượng này được hiểu cụ thể là ai?"
952,4,6,4,5,"Trong trường hợp hợp đồng lao động bị tuyên bố vô hiệu toàn bộ dẫn đến doanh nghiệp cho thuê lại không đủ khả năng bồi thường cho người lao động, công ty cần làm gì để sử dụng tiền ký quỹ chi trả và quy trình rút số tiền này thực hiện như thế nào?"
954,1,4,1,4,"Công ty tôi muốn đăng ký nhận các gói hỗ trợ cho doanh nghiệp nhỏ và vừa, vậy làm sao để xác định chính xác công ty thuộc nhóm siêu nhỏ, nhỏ hay vừa dựa trên quy mô vốn, doanh thu, lao động và lĩnh vực hoạt động?"
966,1,4,1,3,"Công ty muốn thuê chuyên gia nước ngoài làm việc tại Việt Nam thì cần đảm bảo những điều kiện gì về nhân thân, thủ tục cấp phép và rủi ro xử phạt ra sao nếu sử dụng lao động khi giấy phép đã hết hạn?"
991,4,8,4,7,"Một hộ kinh doanh vừa chuyển đổi thành doanh nghiệp nhỏ và vừa khởi nghiệp sáng tạo, có tiềm năng cung ứng cho doanh nghiệp đầu chuỗi thì sẽ được hỗ trợ những gì về thủ tục thuế, kế toán, các chi phí vận hành sáng tạo và điều kiện để được chọn tham gia chuỗi giá trị?"
997,2,3,2,3,"Công ty tôi muốn tìm hiểu về việc giải quyết vướng mắc pháp lý chung và thuê tư vấn viên cho vụ việc cụ thể thì quy trình thực hiện, mức hỗ trợ chi phí và thời hạn của chương trình hỗ trợ pháp lý này được quy định thế nào?"
1008,1,6,1,3,Công ty muốn chạy chiến dịch khuyến mại cho sản phẩm mới thông qua một đơn vị quảng cáo chuyên nghiệp thì cần thực hiện những nghĩa vụ gì về thủ tục khuyến mại và có những quyền hạn nào khi thuê dịch vụ quảng cáo này?
1010,2,2,2,2,Công ty tôi đáp ứng tiêu chí doanh nghiệp nhỏ và vừa thì được hưởng những quyền lợi gì về chi phí khi sử dụng dịch vụ từ mạng lưới tư vấn viên và tham gia các khóa đào tạo sử dụng ngân sách nhà nước?
1021,1,4,1,4,"Khi công ty TNHH hai thành viên trở lên tiếp nhận một tổ chức làm thành viên mới do chuyển nhượng vốn, công ty cần chuẩn bị văn bản cử người đại diện cho tổ chức này với những nội dung gì và hồ sơ đăng ký thay đổi thành viên cần những giấy tờ nào, trong đó trường hợp nào được miễn bản sao giấy tờ pháp lý của cá nhân người đại diện?"
1024,4,7,4,7,"Công ty tôi là doanh nghiệp nhỏ và vừa mới chuyển đổi từ hộ kinh doanh, vậy tôi có thể tìm kiếm các thông tin hỗ trợ kinh doanh ở đâu và được hưởng những chính sách miễn, giảm chi phí tư vấn hay hướng dẫn thuế, kế toán cụ thể như thế nào?"
1036,1,3,1,2,Một thành viên công ty TNHH hai thành viên trở lên muốn chuyển nhượng phần vốn góp bằng quyền sở hữu trí tuệ cho người ngoài thì quy trình chào bán thực hiện thế nào và hồ sơ đăng ký thay đổi phần vốn góp cần những giấy tờ gì?
1049,2,4,2,4,"Công ty tôi muốn mời một chuyên gia nước ngoài đủ 18 tuổi, có chuyên môn tốt vào xử lý sự cố kỹ thuật phức tạp trong 2 tháng thì cần đáp ứng điều kiện gì về giấy phép và nếu không làm thủ tục xác nhận thì công ty cùng chuyên gia này sẽ bị xử lý ra sao?"
1067,5,10,5,8,"Công ty tôi mới thành lập chưa đủ một năm, giờ muốn nộp hồ sơ xin hỗ trợ doanh nghiệp nhỏ và vừa thì phải xác định quy mô doanh nghiệp dựa trên căn cứ nào, quy trình kê khai ra sao và thứ tự ưu tiên được nhận hỗ trợ được tính như thế nào?"
1072,5,6,5,6,"Công ty tôi là doanh nghiệp khởi nghiệp sáng tạo, vừa được một quỹ đầu tư cam kết rót vốn và đang có hợp đồng cung ứng cho một doanh nghiệp đầu chuỗi, vậy công ty cần đáp ứng phương thức lựa chọn nào để được hỗ trợ và sẽ được hỗ trợ những nội dung cụ thể nào về chi phí thuê mặt bằng cũng như tư vấn sở hữu trí tuệ?"
1082,1,2,1,2,"Công ty muốn mở chi nhánh mới bằng cách dùng tài sản có đăng ký quyền sở hữu của thành viên để góp vốn thì cần chuẩn bị hồ sơ đăng ký hoạt động chi nhánh gồm những gì, thủ tục chuyển quyền sở hữu tài sản đó ra sao và ai là người ký biên bản giao nhận tài sản này?"
1084,1,4,1,3,"Khi thành lập công ty, tôi cần quy định những nội dung gì về người đại diện theo pháp luật trong Điều lệ và mã số doanh nghiệp được cấp sau đó sẽ được sử dụng vào những mục đích cụ thể nào?"
1087,1,5,1,3,"Công ty muốn ký hợp đồng hợp tác với một đối tác để cùng khai thác mảnh đất, trong đó một bên đóng góp quyền sử dụng đất, một bên cung cấp dịch vụ vận hành và chia lợi nhuận thì nội dung hợp đồng cần đảm bảo những điều khoản chủ yếu nào và có lưu ý gì về mục đích sử dụng đất?"
1110,3,7,3,7,"Để đăng ký nhận hỗ trợ từ nhà nước, công ty tôi cần xác định lĩnh vực hoạt động và kê khai quy mô doanh nghiệp như thế nào, và trong trường hợp đáp ứng nhiều mức hỗ trợ khác nhau thì sẽ được xử lý ra sao?"
1111,2,8,2,6,"Công ty tôi đang phát triển một ứng dụng di động mới và muốn tham gia vào chuỗi giá trị để cung ứng cho đối tác lớn, vậy công ty cần đáp ứng tiêu chí nào để được xác định là doanh nghiệp khởi nghiệp sáng tạo và được hưởng những hỗ trợ cụ thể nào về tư vấn sở hữu trí tuệ cũng như điều kiện để được lựa chọn hỗ trợ khi tham gia chuỗi giá trị?"
1135,1,4,1,4,"Khi một quỹ đầu tư khởi nghiệp sáng tạo bị giải thể do công ty quản lý quỹ phá sản, việc hạch toán tài chính phải tuân theo quy định nào và thứ tự ưu tiên thanh toán tài sản cho các bên liên quan được thực hiện ra sao?"
1141,1,6,1,4,Công ty muốn thay đổi số lượng và phân chia quyền hạn của những người đại diện theo pháp luật thì phải thực hiện điều chỉnh trong văn bản nội bộ nào và thủ tục thông báo với cơ quan đăng ký kinh doanh ra sao?
1144,1,8,1,6,"Công ty tôi triển khai dự án đầu tư mới thuộc đối tượng được áp dụng thuế suất 10% trong 15 năm, vậy doanh thu để tính thuế được xác định như thế nào, phương pháp tính số thuế phải nộp ra sao và thời điểm bắt đầu tính thời gian hưởng thuế suất ưu đãi là khi nào?"
1147,11,14,9,12,Công ty tôi muốn tham gia chuỗi giá trị để được hỗ trợ kinh phí thuê mặt bằng tại cơ sở ươm tạo và tư vấn sở hữu trí tuệ thì cần đáp ứng tiêu chí lựa chọn nào và cơ quan nào có trách nhiệm hướng dẫn chi tiết các tiêu chí này?
1149,1,5,1,4,"Công ty tôi vừa thực hiện dự án đầu tư sản xuất xăng sinh học và có phát sinh cả hàng hóa xuất khẩu, đồng thời đang làm thủ tục hoàn thuế cho đối tác nước ngoài theo Hiệp định tránh đánh thuế hai lần thì mỗi trường hợp này cần chuẩn bị những hồ sơ, giấy tờ gì?"
1153,1,7,1,4,"Hợp tác xã dự định ký hợp đồng hợp tác với một đối tác để cung cấp dịch vụ tư vấn trên một khu đất cụ thể, vậy hợp đồng này cần đảm bảo nội dung gì về quyền sử dụng đất và các thành viên hợp tác sẽ có quyền, nghĩa vụ gì trong quá trình thực hiện?"
1169,1,4,1,3,Công ty hợp danh là doanh nghiệp nhỏ và vừa khởi nghiệp sáng tạo muốn quyết định triển khai một dự án đầu tư mới để xin hỗ trợ giá thuê mặt bằng sản xuất thì cần tỷ lệ tán thành bao nhiêu từ Hội đồng thành viên và đối tượng nào sẽ được hưởng hỗ trợ này?
1171,1,5,1,4,"Để được vay vốn gián tiếp từ Quỹ phát triển doanh nghiệp nhỏ và vừa, doanh nghiệp khởi nghiệp sáng tạo cần đáp ứng những điều kiện gì về vốn chủ sở hữu, phương án kinh doanh và các nguyên tắc chung về sử dụng vốn vay?"
1176,3,5,3,5,"Công ty tôi muốn bổ sung thêm một người đại diện theo pháp luật để thuận tiện điều hành, vậy tôi cần quy định những nội dung gì trong Điều lệ và phải thực hiện công bố thông tin này như thế nào?"
1196,3,4,3,4,"Khi thành lập doanh nghiệp trong khu công nghệ cao, tôi cần nộp hồ sơ đăng ký tên tại cơ quan nào và nếu cơ quan này từ chối tên dự kiến vì lý do trùng lặp thì tôi có quyền xử lý ra sao?"
1206,7,11,5,6,"Công ty tôi là doanh nghiệp nhỏ và vừa đang hoạt động trong lĩnh vực ưu tiên của tỉnh, muốn tiếp cận Quỹ bảo lãnh tín dụng để vay vốn thì điều kiện đối tượng, mức bảo lãnh tối đa và các biện pháp bảo đảm cần thiết là gì?"
1209,2,9,2,9,"Trong trường hợp kết hôn nhiều lần, người lao động có được nghỉ hưởng nguyên lương cho mỗi lần kết hôn hay không?"
1212,1,3,1,2,"Nhiệm vụ khoa học và công nghệ trong chương trình hỗ trợ doanh nghiệp nâng cao năng suất và chất lượng sản phẩm, hàng hóa bao gồm những gì?"
1214,3,8,3,7,Doanh nghiệp có dự án nông nghiệp có được Nhà nước hỗ trợ kinh phí đào tạo nghề cho người lao động không?
1215,4,8,4,8,"Quy định về việc áp dụng biện pháp buộc tháo dỡ công trình hoặc phần công trình xây dựng không có giấy phép, xây dựng sai giấy phép trong xử lý vi phạm hành chính như thế nào?"
1261,4,4,4,4,Thời gian giải quyết thủ tục cấp Giấy phép hoạt động cho thuê lại lao động có phải mất khoảng 1 tháng không?
1264,2,4,2,4,"Khi làm hồ sơ xin cấp Giấy phép kinh doanh dịch vụ lữ hành nội địa, có bắt buộc phải nộp bản chính chứng chỉ của người phụ trách kinh doanh không?"
1267,1,6,1,6,Việc quảng cáo trên các xuất bản phẩm được quy định như thế nào?
1276,2,2,2,2,Doanh nghiệp cần nộp hồ sơ đề nghị cấp giấy phép hoạt động cho thuê lại lao động cho cơ quan nào?
1282,3,3,3,3,Thời hạn nộp hồ sơ đề nghị gia hạn giấy phép hoạt động cho thuê lại lao động là bao lâu trước khi giấy phép hết hạn?
1290,6,11,6,9,"Doanh nghiệp có dự án đầu tư cơ sở chăn nuôi bò sữa, bò thịt sẽ được hưởng các chính sách hỗ trợ như thế nào?"
1292,5,7,5,7,"Khi xây dựng bảng lương mới cho nhân viên kinh doanh, doanh nghiệp có phải gửi thông báo cho Sở Lao động - Thương binh và Xã hội hay không?"
1295,4,7,4,7,"Trình tự, thủ tục tiến hành hòa giải được thực hiện như thế nào?"
1303,2,8,2,6,Tổ chức kinh tế khi nhận chuyển nhượng quyền sử dụng đất hoặc chuyển mục đích sử dụng đất thì có những quyền và nghĩa vụ gì?
1317,1,3,1,3,"Đối với giấy phép lao động được cấp theo thời hạn của hợp đồng lao động dự kiến ký kết, cần nộp hồ sơ xin gia hạn trước bao nhiêu ngày kể từ ngày hết hạn?"
1318,1,4,1,4,"Thủ tục đổi Giấy chứng nhận đăng ký đầu tư và Giấy chứng nhận đăng ký doanh nghiệp để thay thế cho Giấy phép đầu tư, Giấy chứng nhận đầu tư được thực hiện như thế nào?"
1321,1,8,1,8,Việc tạm ứng hợp đồng trong xây dựng được quy định theo những nguyên tắc nào?
1325,3,4,2,3,Đơn vị cung cấp nước có nghĩa vụ phải bảo dưỡng đồng hồ đo nước hay không?
1328,8,8,8,8,Thực hiện thủ tục cấp mới Giấy chứng nhận đăng ký doanh nghiệp trực tuyến có phải nộp phí hay lệ phí không?
1337,4,6,4,6,Thời điểm bắt đầu tính thời gian hỗ trợ lãi suất vay ngân hàng là khi nào?
1338,4,8,4,7,Cá nhân và tổ chức có trách nhiệm gì trong việc bảo đảm an toàn cho khách du lịch khi tham gia các hoạt động du lịch nguy hiểm?
1346,4,5,4,5,Doanh nghiệp xây dựng cơ sở hạ tầng cho dự án nhân giống cây trồng bằng công nghệ nuôi cấy mô thì có được hỗ trợ không?
1354,1,4,1,3,Khi thi công đường ống thoát nước trên đường mà không đặt biển cảnh báo dẫn đến chết người thì có phải bồi thường thiệt hại không?
1360,1,4,1,3,"Khi muốn xin cấp giấy phép xây dựng để di dời công trình thì cần chuẩn bị những giấy tờ, tài liệu gì trong hồ sơ?"
1369,1,2,1,2,Kích thước tối đa của biển hiệu quảng cáo đối với cá nhân kinh doanh được quy định như thế nào?
1378,9,11,7,8,Hồ sơ xin cấp Giấy phép đủ điều kiện kinh doanh dịch vụ karaoke bao gồm những giấy tờ gì?
1390,1,3,1,3,Cơ quan nào có thẩm quyền cấp giấy phép xây dựng cho công trình quảng cáo ngoài trời?
1392,4,6,4,6,Quy định về việc thuê đất và cấp giấy phép xây dựng trong cụm công nghiệp như thế nào?
1394,2,4,2,4,Nếu doanh nghiệp xã hội chấm dứt mục tiêu xã hội đã cam kết trước thời hạn thì có phải hoàn trả lại các ưu đãi đã nhận không?
1402,3,6,3,6,Cơ quan nào có thẩm quyền cho phép doanh nghiệp cho thuê lại lao động được rút tiền ký quỹ?
1408,3,5,3,5,Kế toán trưởng của các đơn vị kế toán có trình độ chuyên môn nghiệp vụ từ đại học trở lên cần đáp ứng những tiêu chuẩn và điều kiện gì?
1414,3,5,3,5,Cơ quan nào có thẩm quyền ra quyết định tạm dừng thi công công trình xây dựng khi có vi phạm hành chính trong hoạt động xây dựng?
1420,1,7,1,6,Giám đốc công ty cổ phần có được kiêm nhiệm vị trí kế toán trưởng không?
1432,3,12,3,10,"Quy định về việc thực hiện kết luận thanh tra, văn bản chỉ đạo, yêu cầu, kiến nghị và quyết định xử lý sai phạm về hành chính, kinh tế như thế nào?"
1436,1,13,1,7,Quy định của pháp luật về việc nghiệm thu công trình xây dựng như thế nào?
1437,2,4,2,4,Khi làm thủ tục gia hạn giấy phép lao động cho người nước ngoài thì có cần nộp hộ chiếu không?
1444,7,9,7,9,"Mức hỗ trợ, thời gian hỗ trợ, phương thức chi trả và hồ sơ đề nghị hỗ trợ được quy định như thế nào?"
1453,1,10,1,6,Quy định về quyền quảng cáo thương mại hiện nay như thế nào?
1454,1,2,1,2,Trong những trường hợp nào hộ gia đình phải xin phép cơ quan nhà nước có thẩm quyền khi chuyển mục đích sử dụng đất?
1458,1,8,1,7,Quy định về việc báo cáo thực hiện kết luận thanh tra như thế nào?
1468,1,5,1,5,Tôi cần nộp hồ sơ đề nghị cấp giấy phép xây dựng công trình quảng cáo tại cơ quan nào?
1479,1,5,1,5,Trong những trường hợp nào thì giấy phép kinh doanh dịch vụ lữ hành bị thu hồi?
1485,3,6,3,6,Màn hình quảng cáo ngoài trời có kích thước bao nhiêu thì phải xin giấy phép xây dựng?
1486,2,4,2,3,Khi chuyển mục đích sử dụng đất từ đất trồng lúa sang đất làm muối thì có phải xin phép cơ quan nhà nước có thẩm quyền không?
1487,1,3,1,3,Cơ quan nào có thẩm quyền kiểm tra chất lượng cơ sở lưu trú du lịch?
1497,5,7,5,6,Thủ tục gia hạn giấy phép xây dựng được quy định như thế nào?
1509,5,6,5,6,Trình tự thành lập cụm công nghiệp được quy định như thế nào?
1524,3,8,3,8,Doanh nghiệp thành lập mới từ dự án đầu tư sản xuất sản phẩm thuộc Danh mục sản phẩm công nghệ cao được khuyến khích phát triển sẽ được hưởng những ưu đãi gì?
1525,1,4,1,3,Thủ tục và trình tự để được cấp giấy phép môi trường được quy định như thế nào?
1532,2,3,2,3,"Để được cấp giấy phép xây dựng, công trình trong đô thị cần phải đáp ứng những điều kiện nào?"
1533,1,2,1,2,Người sử dụng lao động có những quyền gì khi xảy ra đình công?
1541,1,4,1,3,Khi doanh nghiệp chuyển đổi loại hình thì mã số thuế có được giữ nguyên không?
1559,2,7,2,7,"Khi giảm vốn điều lệ, công ty cổ phần có phải thông báo cho cơ quan đăng ký kinh doanh không?"
1567,6,10,6,10,Khi doanh nghiệp cho thuê lại lao động thay đổi tên thì có phải đề nghị cấp lại giấy phép không?
1583,3,9,3,8,Quy định về hoạt động bán hàng đa cấp tại địa phương được quy định như thế nào?
1584,2,4,2,4,Để xin giấy phép xây dựng bảng quảng cáo ngoài trời thì cần chuẩn bị những giấy tờ gì trong hồ sơ?
1589,1,3,1,3,Việc xây dựng và lắp đặt màn hình quảng cáo ngoài trời có bắt buộc phải xin giấy phép xây dựng không?
1603,1,3,1,3,Việc sử dụng bao bì đựng chất thải nguy hại không đáp ứng yêu cầu kỹ thuật thì có bị xử phạt không?
1609,2,6,2,5,Quy định về việc cho thuê đất của Nhà nước hiện nay như thế nào?
1645,1,7,1,6,"Khi công ty thay đổi công nghệ dẫn đến nguy cơ mất việc cho nhân viên, công ty muốn tự mở lớp đào tạo lại kỹ năng nghề thì có được Nhà nước hỗ trợ kinh phí không và nếu trong quá trình này công ty thu học phí của nhân viên thì sẽ bị xử lý thế nào?"
1648,3,10,3,7,"Công ty tôi là doanh nghiệp siêu nhỏ, muốn thuê tổ chức dịch vụ làm thủ tục thuế để vận hành kế toán thì đơn vị đó cần điều kiện gì và công ty tôi được áp dụng chế độ kế toán cũng như ưu đãi thuế như thế nào?"
1650,2,3,2,3,"Khi công ty muốn thành lập mới theo cơ chế một cửa liên thông thì quy trình đăng ký doanh nghiệp và đăng ký thuế được thực hiện như thế nào, và mã số thuế cấp cho doanh nghiệp sẽ có cấu trúc ra sao?"
1660,2,3,2,3,"Khi tôi muốn thành lập doanh nghiệp mới, tôi cần thực hiện nghĩa vụ đăng ký doanh nghiệp như thế nào và việc đăng ký thuế lần đầu cho doanh nghiệp này sẽ được thực hiện theo cơ chế nào, nộp hồ sơ ở đâu?"
1691,2,5,2,5,Hộ kinh doanh của tôi muốn thay đổi ngành nghề kinh doanh và chuyển sang nộp thuế theo phương pháp kê khai do quy mô doanh thu tăng cao thì cần thực hiện thủ tục đăng ký thay đổi như thế nào và việc xác định mức thuế lúc này sẽ thay đổi ra sao?
1708,1,5,1,5,"Khi công ty nhập khẩu hàng hóa từ đối tác nước ngoài, nếu phát hiện lô hàng có dấu hiệu xâm phạm sở hữu trí tuệ và người mua là đối tượng người tiêu dùng dễ bị tổn thương, thì quy trình kiểm tra hàng trước khi giao, nghĩa vụ bảo đảm khi yêu cầu tạm dừng thủ tục hải quan và trách nhiệm ưu tiên xử lý khiếu nại được thực hiện như thế nào?"
1717,2,6,2,6,"Giám đốc công ty TNHH tự ý ký hợp đồng mua lô hàng từ một người thân, sau đó yêu cầu hải quan tạm dừng thông quan lô hàng này vì nghi xâm phạm quyền SHTT và bị một khách hàng là người khuyết tật khiếu nại về sản phẩm, vậy trường hợp này sẽ bị xử lý và bồi thường như thế nào?"
1722,1,6,1,5,Giám đốc một khu làm việc chung hỗ trợ SME muốn tuyển dụng đội ngũ nhân lực vận hành và ban hành quy chế lương thưởng nhưng lại không công khai bảng lương tại nơi làm việc thì quyền hạn tuyển dụng này được thực hiện thế nào và rủi ro pháp lý về xử phạt cũng như khắc phục hậu quả ra sao?
1730,2,4,2,4,"Khi thành lập doanh nghiệp mới, công ty cần thực hiện nghĩa vụ đăng ký doanh nghiệp và đăng ký thuế theo cơ chế nào, đồng thời mã số thuế cấp cho doanh nghiệp sẽ có cấu trúc ra sao?"
1735,4,7,4,7,"Công ty tôi là doanh nghiệp nhỏ mới chuyển đổi từ hộ kinh doanh, hiện đang cần hỗ trợ tư vấn về chế độ kế toán, thuế và các vướng mắc pháp lý khác thì quy trình tiếp cận hỗ trợ và hồ sơ đề nghị thanh toán chi phí tư vấn pháp luật được thực hiện như thế nào?"
1736,6,8,6,8,"Công ty tôi là doanh nghiệp nhỏ và vừa trong nước, muốn tìm hiểu về các chính sách hỗ trợ giá thuê mặt bằng sản xuất, cách thức để được hỗ trợ chi phí thuê giải pháp chuyển đổi số và các yêu cầu về hạ tầng cơ sở vật chất nếu muốn tham gia vào một khu làm việc chung hỗ trợ khởi nghiệp sáng tạo là gì?"
1737,4,7,4,6,"Tôi muốn chuyển đổi hộ kinh doanh đã hoạt động 2 năm thành doanh nghiệp siêu nhỏ do vợ tôi làm chủ thì cần chuẩn bị hồ sơ gì, nộp ở đâu và làm sao để được ưu tiên hỗ trợ kinh phí?"
1739,1,4,1,4,"Khi doanh nghiệp nhỏ và vừa vay vốn có tài sản thế chấp là bất động sản kèm vật phụ và được Quỹ bảo lãnh tín dụng hỗ trợ, nếu xảy ra nợ xấu dẫn đến đấu giá tài sản thì phạm vi bảo lãnh tối đa của Quỹ là bao nhiêu, quyền lợi đối với vật phụ và nghĩa vụ thông báo cho bên liên quan được xử lý thế nào?"
1742,1,5,1,5,"Khi tôi muốn thành lập doanh nghiệp mới, tôi cần thực hiện nghĩa vụ đăng ký doanh nghiệp và đăng ký thuế như thế nào, và mã số thuế của doanh nghiệp sẽ được cấp và quản lý ra sao?"
1743,2,6,2,6,"Công ty TNHH hai thành viên của tôi có một thành viên kiêm người đại diện theo pháp luật vừa qua đời, trong khi công ty đang vay vốn và thực hiện dự án khởi nghiệp sáng tạo từ Quỹ phát triển doanh nghiệp nhỏ và vừa thì việc xác định người đại diện mới và thủ tục thay đổi thành viên trong hồ sơ đăng ký doanh nghiệp phải thực hiện như thế nào?"
1744,5,9,5,9,"Công ty tôi là doanh nghiệp nhỏ do phụ nữ làm chủ, muốn tìm tư vấn viên từ mạng lưới của Bộ để hỗ trợ về quản trị nội bộ thì phải tìm thông tin ở đâu và mức hỗ trợ chi phí hợp đồng tư vấn được tính như thế nào?"
1746,2,4,2,4,"Hộ kinh doanh của tôi đã hoạt động 2 năm, nay muốn chuyển đổi lên doanh nghiệp nhỏ và vừa thì cần chuẩn bị hồ sơ đăng ký thế nào, được hưởng những ưu đãi hỗ trợ gì và khi đề xuất hỗ trợ thì phải cung cấp tài liệu gì để xác định quy mô doanh nghiệp?"
1761,1,6,1,6,"Hộ kinh doanh của tôi không thực hiện chế độ kế toán nên đang nộp thuế khoán, nay muốn chuyển sang kinh doanh trên nền tảng thương mại điện tử có chức năng thanh toán và nếu vô tình ngừng hoạt động tại địa chỉ đăng ký quá 6 tháng mà không thông báo thì cách xác định mức thuế, trách nhiệm khai thuế và rủi ro về giấy phép sẽ như thế nào?"
1766,1,4,1,4,"Công ty là tổ chức chủ trì nhiệm vụ khoa học dùng ngân sách nhà nước để tạo giống cây trồng, nay muốn nộp đơn đăng ký quyền và xử lý tranh chấp về quyền này thông qua giám định thì phải thực hiện các nghĩa vụ về thời hạn, hồ sơ hợp đồng giám định và cách xử lý nếu không đồng ý với kết quả giám định như thế nào?"
1769,1,6,1,6,"Khi công ty quyết định giải thể hoặc chấm dứt hoạt động mà vẫn còn nợ thuế, quy trình hoàn thành nghĩa vụ thuế sẽ được thực hiện ra sao và những nội dung quản lý thuế nào mà cơ quan thuế sẽ áp dụng để xử lý các khoản nợ, tiền phạt này?"
1777,1,4,1,4,"Công ty TNHH hai thành viên muốn tiếp nhận thêm thành viên mới để tăng vốn điều lệ, đồng thời muốn chuẩn bị hồ sơ đăng ký doanh nghiệp cho các cá nhân kê khai số định danh và tìm hiểu điều kiện để sau này được Quỹ phát triển doanh nghiệp nhỏ và vừa tiếp tục xem xét cho vay thì phải thực hiện như thế nào?"
1778,1,4,1,4,Công ty TNHH hai thành viên có một thành viên là tổ chức muốn thay đổi người đại diện theo ủy quyền đồng thời thay đổi luôn người đại diện theo pháp luật của công ty thì phải thực hiện các thủ tục thông báo và đăng ký như thế nào?
1780,3,8,1,6,"Công ty tôi là doanh nghiệp khởi nghiệp sáng tạo đang cần vốn, vậy tôi nên tiếp cận Quỹ phát triển doanh nghiệp nhỏ và vừa để vay trực tiếp với mức lãi suất được tính như thế nào, hay nên tìm đến Quỹ bảo lãnh tín dụng doanh nghiệp nhỏ và vừa để được hỗ trợ ra sao?"
1783,9,13,9,12,"Công ty nhỏ muốn thuê mặt bằng tại cụm công nghiệp, đồng thời triển khai chuyển đổi số và đăng ký bảo hộ quyền sở hữu trí tuệ thì được hỗ trợ những gì về giá thuê, mức kinh phí cho công nghệ và các chính sách ưu đãi cho cơ sở ươm tạo nếu có?"
1786,3,8,3,7,"Công ty tôi muốn tìm hiểu về các chương trình hỗ trợ doanh nghiệp nhỏ và vừa, đồng thời muốn tra cứu quy chuẩn kỹ thuật và thuê tư vấn xây dựng tiêu chuẩn cơ sở cho chuỗi giá trị thì có thể tiếp cận thông tin ở đâu và được hỗ trợ chi phí như thế nào?"
1804,1,7,1,5,"Công ty tôi đang đặt tên theo đúng cấu trúc loại hình và tên riêng, không vi phạm thuần phong mỹ tục nhưng bị một đơn vị khác khiếu nại là xâm phạm quyền sở hữu công nghiệp, vậy trường hợp này sẽ bị xử lý thế nào và công ty phải thực hiện thay đổi tên trong thời hạn bao lâu?"
1815,2,4,2,4,"Công ty tôi muốn đăng ký hưởng các chính sách hỗ trợ cho doanh nghiệp nhỏ và vừa thì căn cứ vào đâu để xác định lĩnh vực hoạt động và cần đáp ứng những tiêu chí cụ thể nào về lao động, doanh thu hoặc nguồn vốn?"
1827,4,6,4,6,"Công ty tôi thành lập được 3 năm, chưa chào bán chứng khoán, hiện muốn vừa thực hiện hoạt động đầu tư khởi nghiệp sáng tạo, vừa tham gia chuỗi giá trị sản xuất chế biến nhờ đổi mới công nghệ thì cần thực hiện thủ tục đăng ký gì và sẽ được hỗ trợ những nội dung nào?"
1833,1,3,1,3,"Khi thành lập doanh nghiệp theo cơ chế một cửa liên thông, công ty sẽ thực hiện đăng ký thuế và xác định mã số thuế như thế nào, đồng thời khi phát sinh giao dịch hạch toán bằng ngoại tệ thì việc khai và nộp thuế phải thực hiện ra sao?"
1845,1,8,1,7,"Công ty tôi muốn thành lập một cơ sở ươm tạo doanh nghiệp thì sẽ được hưởng những ưu đãi về thuế, đất đai gì và cơ sở này cần đảm bảo thực hiện những chức năng hỗ trợ cụ thể nào cho các startup?"
1860,1,4,1,4,Công ty tôi thành lập được 3 năm và chưa chào bán chứng khoán ra công chúng thì được hưởng những nội dung hỗ trợ khởi nghiệp sáng tạo nào và cần cung cấp tài liệu gì để được cơ quan chức năng lựa chọn hỗ trợ?
1862,5,7,5,7,"Công ty tôi là doanh nghiệp nhỏ và vừa đang muốn mở rộng sản xuất và chuyển đổi số, vậy công ty có thể được hỗ trợ về giá thuê mặt bằng trong bao lâu và làm sao để được hỗ trợ chi phí thuê mua các giải pháp chuyển đổi số?"
1907,7,8,5,6,Công ty tôi muốn triển khai chuyển đổi số và nâng cấp công nghệ thì được Nhà nước hỗ trợ những nội dung gì và cần làm gì để đề xuất mức hỗ trợ phù hợp?
1908,2,3,2,3,Công ty sản xuất của tôi muốn tham gia cụm liên kết ngành thông qua thế mạnh về đổi mới sáng tạo thì cần đáp ứng điều kiện gì và cần chuẩn bị những giấy tờ nào để được xác nhận là doanh nghiệp khởi nghiệp sáng tạo khi đề nghị hỗ trợ?
1913,3,4,3,4,Công ty sản xuất của tôi có đổi mới về quy trình công nghệ để tham gia chuỗi giá trị thì được hỗ trợ những nội dung gì và mức chi phí đào tạo chuyên sâu cho nhân viên được hỗ trợ tối đa bao nhiêu?
1951,1,10,1,7,"Khi thành lập doanh nghiệp mới, công ty cần thực hiện nghĩa vụ đăng ký doanh nghiệp và đăng ký thuế như thế nào để đảm bảo đúng quy định?"
1952,1,2,1,2,"Khi công ty hợp danh tiếp nhận thành viên hợp danh mới, công ty cần chuẩn bị hồ sơ gì và phải thực hiện đăng ký thay đổi trong thời hạn bao lâu?"
1960,6,8,6,8,"Công ty tôi là doanh nghiệp nhỏ và vừa trong nước, vậy công ty có thể được hỗ trợ những chi phí nào khi thuê mua giải pháp chuyển đổi số và thuê mặt bằng sản xuất?"
1979,2,4,2,4,"Khi chuyển đổi từ hộ kinh doanh lên doanh nghiệp nhỏ và vừa, công ty cần chuẩn bị hồ sơ gì và được hưởng những chính sách hỗ trợ nào về lệ phí, thuế?"
1982,1,3,1,3,Công ty tôi là doanh nghiệp nhỏ và vừa muốn cho nhân viên đi học khóa đào tạo về quản trị doanh nghiệp cơ bản bằng ngân sách nhà nước thì được hưởng ưu đãi chi phí gì và khóa học này thường kéo dài trong bao lâu?
1983,1,4,1,4,"Trong trường hợp công ty TNHH hai thành viên có một thành viên làm người đại diện theo pháp luật bị tạm giam, thành viên còn lại sẽ đương nhiên thay thế vị trí này như thế nào và hồ sơ đăng ký thay đổi gửi cơ quan đăng ký kinh doanh cần những giấy tờ gì?"
1988,1,3,1,3,"Khi công ty thế chấp bất động sản có vật phụ để vay vốn và được Quỹ bảo lãnh tín dụng hỗ trợ, thì vật phụ đó có mặc nhiên bị thế chấp không và Quỹ bảo lãnh có thể bảo lãnh tối đa bao nhiêu giá trị khoản vay này?"
1994,1,5,1,5,"Hộ kinh doanh của tôi hiện đang tự xác định số thuế GTGT và TNCN phải nộp theo quy định, nhưng nếu chẳng may ngừng hoạt động tại địa chỉ đăng ký quá 6 tháng mà không thông báo thì sẽ bị xử lý như thế nào?"
